filename,width,height,class,xmin,ymin,xmax,ymax
1.jpg,1024,768,pothole,377,385,737,505
1.jpg,1024,768,pothole,396,302,703,380
10.jpg,660,371,pothole_water,73,167,194,215
10.jpg,660,371,pothole_water,154,119,278,164
10.jpg,660,371,pothole_water,466,62,613,139
10.jpg,660,371,pothole_water,250,44,365,109
100.jpg,1299,863,pothole_water,927,353,1036,436
100.jpg,1299,863,damage,315,198,696,467
101.jpg,600,400,pothole,131,294,289,366
102.jpg,800,533,pothole_water,173,320,559,465
102.jpg,800,533,pothole_water,477,162,800,339
102.jpg,800,533,pothole_water,586,362,800,533
103.jpg,768,500,damage,216,251,437,351
103.jpg,768,500,pothole,1,372,160,447
103.jpg,768,500,pothole,45,221,164,283
103.jpg,768,500,pothole,464,176,584,253
104.jpg,660,654,pothole_water,1,85,264,254
104.jpg,660,654,pothole_water,300,69,479,171
104.jpg,660,654,pothole_water,492,124,628,205
104.jpg,660,654,pothole_water,395,286,563,419
105.jpg,225,300,pothole,71,150,186,220
105.jpg,225,300,damage,1,109,85,181
105.jpg,225,300,pothole,89,104,153,141
105.jpg,225,300,damage,147,45,192,131
105.jpg,225,300,crack,1,38,137,60
106.jpg,1820,1024,pothole_water,668,648,1495,837
106.jpg,1820,1024,pothole_water,273,556,656,739
106.jpg,1820,1024,damage,118,284,542,518
107.jpg,3200,1680,crack,397,58,1134,1639
107.jpg,3200,1680,pothole,1841,1133,2453,1671
107.jpg,3200,1680,damage,1291,264,2234,1096
108.jpg,3200,1680,pothole,466,1046,2972,1621
108.jpg,3200,1680,pothole,859,777,2284,1114
108.jpg,3200,1680,pothole,653,589,1609,758
109.jpg,720,478,pothole_water,171,186,493,343
11.jpg,800,500,pothole_water,170,304,605,439
11.jpg,800,500,pothole,200,128,468,203
11.jpg,800,500,pothole,432,212,684,266
11.jpg,800,500,pothole,215,243,408,295
110.jpg,1297,599,damage,496,131,1130,463
110.jpg,1297,599,damage,96,92,467,246
111.jpg,1293,917,damage,433,273,818,585
111.jpg,1293,917,crack,865,234,1272,810
111.jpg,1293,917,damage,1,515,343,812
112.jpg,356,169,damage,1,14,201,155
113.jpg,750,750,pothole,284,346,581,418
113.jpg,750,750,crack,1,360,283,459
114.jpg,640,415,damage,164,260,524,359
114.jpg,640,415,damage,72,117,278,239
114.jpg,640,415,damage,314,124,522,248
115.jpg,400,303,pothole_water,183,164,348,235
115.jpg,400,303,damage,3,92,96,196
115.jpg,400,303,damage,106,66,236,194
116.jpg,1297,855,pothole,1,498,330,727
116.jpg,1297,855,pothole,476,159,1184,413
117.jpg,240,135,pothole,48,46,199,110
118.jpg,400,300,damage,24,121,97,171
119.jpg,900,622,pothole,572,345,745,426
119.jpg,900,622,pothole,189,443,659,553
12.jpg,534,401,pothole,1,194,534,401
120.jpg,300,199,pothole_water,82,27,257,132
120.jpg,300,199,crack,22,93,244,199
121.jpg,550,412,pothole,187,170,414,286
122.jpg,647,404,pothole_water,20,187,327,330
122.jpg,647,404,pothole_water,359,240,473,341
123.jpg,1100,825,pothole,534,446,871,612
124.jpg,1200,837,damage,15,350,1015,809
125.jpg,620,407,pothole_water_m,30,87,606,385
126.jpg,400,300,pothole_water,58,76,365,210
127.jpg,780,520,damage,314,126,493,333
127.jpg,780,520,pothole_water,418,85,499,140
128.jpg,339,218,pothole_water,91,51,298,208
129.jpg,873,1281,pothole,287,587,678,832
13.jpg,670,440,pothole,192,90,333,154
13.jpg,670,440,pothole_water,403,164,586,288
13.jpg,670,440,pothole,94,299,302,412
130.jpg,650,400,pothole_water_m,178,261,468,393
130.jpg,650,400,damage,426,185,548,280
131.jpg,467,495,pothole_water,67,291,214,358
131.jpg,467,495,pothole_water,109,376,326,495
131.jpg,467,495,pothole_water,171,226,262,283
131.jpg,467,495,pothole_water,330,107,407,146
132.jpg,1024,682,pothole,20,160,499,287
132.jpg,1024,682,pothole,637,229,1009,358
133.jpg,1600,1103,damage,271,690,1059,1027
134.jpg,448,301,damage,108,107,193,138
134.jpg,448,301,damage,333,24,422,83
135.jpg,800,600,pothole_water,38,148,614,390
135.jpg,800,600,damage,491,203,800,356
136.jpg,800,600,pothole,82,104,774,495
136.jpg,800,600,crack,1,381,411,587
137.jpg,380,312,pothole,42,199,113,235
137.jpg,380,312,pothole,112,207,184,260
137.jpg,380,312,pothole,192,183,269,225
137.jpg,380,312,pothole,148,120,187,152
137.jpg,380,312,pothole,202,128,247,154
137.jpg,380,312,pothole,287,172,331,212
138.jpg,368,206,pothole,33,109,272,202
139.jpg,750,519,pothole_water_m,30,288,304,410
139.jpg,750,519,pothole_water,174,417,349,503
139.jpg,750,519,pothole_water,421,338,525,411
14.jpg,1075,375,pothole_water,244,240,701,375
140.jpg,800,600,pothole_water,270,221,549,381
141.jpg,400,206,pothole_water,215,64,256,94
141.jpg,400,206,pothole_water,181,153,237,196
141.jpg,400,206,pothole_water,315,8,400,51
141.jpg,400,206,pothole_water,177,27,230,54
142.jpg,700,525,damage,47,142,468,470
143.jpg,446,301,pothole_water,265,150,388,219
143.jpg,446,301,pothole_water,1,124,161,187
143.jpg,446,301,pothole_water,151,107,218,135
144.jpg,768,1024,pothole_water,75,431,557,914
144.jpg,768,1024,pothole_water,189,55,532,266
145.jpg,320,294,pothole,93,239,191,278
145.jpg,320,294,pothole,220,231,320,280
145.jpg,320,294,pothole,21,169,109,206
145.jpg,320,294,damage,28,112,223,154
146.jpg,600,400,pothole_water,143,248,234,286
146.jpg,600,400,pothole_water,261,266,353,327
146.jpg,600,400,pothole_water,10,256,154,324
147.jpg,810,455,pothole,152,275,652,455
147.jpg,810,455,damage,512,136,803,209
147.jpg,810,455,damage,275,108,406,193
148.jpg,800,600,pothole,270,237,559,439
148.jpg,800,600,pothole,303,51,549,146
148.jpg,800,600,pothole,497,410,788,595
149.jpg,1000,666,pothole,72,478,304,594
149.jpg,1000,666,crack,278,461,486,639
149.jpg,1000,666,crack,89,572,346,666
15.jpg,800,600,pothole,162,98,579,378
150.jpg,640,360,pothole_water,98,195,567,294
151.jpg,200,150,pothole_water,13,55,152,132
152.jpg,700,466,pothole,332,330,594,447
153.jpg,300,200,pothole,66,52,245,154
154.jpg,640,268,pothole,84,125,545,227
155.jpg,260,260,pothole,1,95,224,219
156.jpg,759,422,pothole_water,304,332,463,422
156.jpg,759,422,pothole_water_m,451,192,748,312
156.jpg,759,422,pothole_water,434,87,633,214
157.jpg,534,401,pothole_water,14,81,526,320
158.jpg,999,473,pothole_water,791,162,864,254
158.jpg,999,473,pothole_water,279,113,392,232
158.jpg,999,473,pothole_water_m,9,177,215,294
158.jpg,999,473,pothole_water,859,387,949,455
159.jpg,620,411,pothole,187,178,357,229
159.jpg,620,411,damage,357,191,589,366
159.jpg,620,411,pothole,448,122,591,171
159.jpg,620,411,crack,174,237,335,313
16.jpg,730,430,pothole_water,342,179,653,330
16.jpg,730,430,pothole_water,131,119,324,213
16.jpg,730,430,pothole_water,330,64,514,148
160.jpg,620,387,pothole_water,130,117,451,187
160.jpg,620,387,crack,17,104,200,160
161.jpg,1080,675,pothole_water,249,368,908,650
162.jpg,1019,521,pothole,370,237,783,489
162.jpg,1019,521,pothole,355,54,507,102
163.jpg,670,440,pothole,287,171,558,264
163.jpg,670,440,pothole,33,52,144,142
163.jpg,670,440,pothole,153,6,287,71
163.jpg,670,440,damage,82,128,220,216
164.jpg,1632,1224,damage,274,467,1399,964
165.jpg,885,590,damage,298,273,458,388
165.jpg,885,590,damage,538,213,676,288
165.jpg,885,590,damage,39,271,209,336
165.jpg,885,590,damage,1,426,211,533
166.jpg,746,400,damage,179,168,521,315
166.jpg,746,400,damage,333,67,540,166
166.jpg,746,400,damage,506,170,706,277
166.jpg,746,400,damage,424,288,738,400
167.jpg,400,267,damage,314,127,400,215
167.jpg,400,267,damage,10,130,96,194
167.jpg,400,267,damage,78,71,170,129
167.jpg,400,267,damage,207,17,337,97
167.jpg,400,267,damage,88,12,184,54
168.jpg,1200,800,damage,337,275,844,704
169.jpg,1140,754,damage,516,620,766,726
169.jpg,1140,754,damage,812,631,975,754
169.jpg,1140,754,damage,345,485,549,594
169.jpg,1140,754,damage,1,424,142,491
17.jpg,667,458,pothole_water,164,222,416,369
17.jpg,667,458,pothole_water,412,204,667,425
17.jpg,667,458,pothole_water,361,78,517,144
17.jpg,667,458,pothole_water,1,201,127,296
170.jpg,2996,1680,damage,612,1245,1677,1580
170.jpg,2996,1680,damage,1383,722,2200,1045
170.jpg,2996,1680,damage,1771,1210,2771,1528
170.jpg,2996,1680,damage,112,663,1195,922
170.jpg,2996,1680,damage,2265,598,2883,1151
171.jpg,639,360,pothole_water,215,185,334,234
171.jpg,639,360,pothole_water,42,244,226,328
171.jpg,639,360,pothole_water,180,301,331,355
172.jpg,450,298,pothole_water,240,161,361,297
172.jpg,450,298,pothole_water,11,1,156,62
173.jpg,500,334,pothole_water,172,210,359,298
173.jpg,500,334,pothole_water,170,101,340,166
174.jpg,800,516,pothole_water,38,179,718,516
175.jpg,800,600,damage,159,103,585,478
176.jpg,325,216,pothole,93,159,152,198
176.jpg,325,216,damage,163,111,241,144
176.jpg,325,216,damage,232,149,299,188
176.jpg,325,216,damage,55,114,110,156
177.jpg,821,434,pothole,259,158,664,365
178.jpg,960,960,pothole_water,342,499,675,692
178.jpg,960,960,pothole_water,482,281,715,428
178.jpg,960,960,pothole_water,13,494,226,630
178.jpg,960,960,pothole_water,268,139,437,208
178.jpg,960,960,pothole_water,55,194,244,270
178.jpg,960,960,pothole_water,569,137,766,221
178.jpg,960,960,damage,791,50,960,241
179.jpg,960,720,pothole_water,202,328,791,699
179.jpg,960,720,pothole_water,633,134,957,308
179.jpg,960,720,damage,313,106,624,205
18.jpg,992,1473,pothole,304,906,674,1140
18.jpg,992,1473,pothole,597,127,983,336
180.jpg,970,430,pothole_water,328,114,785,327
180.jpg,970,430,damage,6,109,345,355
181.jpg,759,422,pothole_water,94,235,616,408
182.jpg,590,320,pothole,199,132,381,244
183.jpg,1024,768,pothole_water,301,505,562,609
183.jpg,1024,768,pothole_water,568,338,718,416
183.jpg,1024,768,pothole_water,364,424,505,514
184.jpg,759,422,pothole_water,307,340,476,420
184.jpg,759,422,pothole_water_m,111,361,297,422
184.jpg,759,422,pothole_water_m,44,122,248,238
185.jpg,400,300,pothole_water_m,31,97,190,160
185.jpg,400,300,pothole_water_m,1,225,108,300
186.jpg,986,554,pothole,601,441,841,554
186.jpg,986,554,damage,404,410,571,510
186.jpg,986,554,damage,380,515,595,554
186.jpg,986,554,damage,110,315,391,448
187.jpg,1000,665,pothole_water,265,260,659,466
188.jpg,895,468,pothole,574,266,779,418
188.jpg,895,468,pothole_water,347,212,465,274
189.jpg,640,480,pothole,240,132,560,416
19.jpg,570,321,pothole_water,384,231,486,285
19.jpg,570,321,pothole,25,244,98,288
19.jpg,570,321,pothole_water,248,259,304,289
19.jpg,570,321,pothole_water_m,158,136,300,182
190.jpg,1200,800,pothole_water,367,438,897,718
191.jpg,270,176,crack,46,88,205,154
191.jpg,270,176,damage,118,14,182,63
192.jpg,1200,600,pothole_water,69,257,994,529
193.jpg,1297,859,pothole,289,329,942,620
194.jpg,899,599,pothole,184,287,593,436
194.jpg,899,599,pothole,191,139,867,251
195.jpg,1306,980,pothole_water,494,375,739,457
195.jpg,1306,980,pothole_water,554,452,767,537
195.jpg,1306,980,pothole_water,647,530,792,622
196.jpg,400,267,pothole,254,82,363,146
197.jpg,1950,1460,pothole,454,907,1069,1189
197.jpg,1950,1460,pothole,1058,800,1451,1022
197.jpg,1950,1460,pothole,1269,641,1654,881
198.jpg,625,352,pothole,225,173,363,239
198.jpg,625,352,pothole,239,49,339,83
199.jpg,600,450,pothole_water,224,196,413,276
199.jpg,600,450,damage,11,232,186,336
199.jpg,600,450,pothole_water,452,111,537,154
2.jpg,770,470,pothole,356,200,681,401
20.jpg,534,401,pothole_water,1,246,534,401
200.jpg,625,352,pothole,321,164,484,213
200.jpg,625,352,damage,24,177,197,216
200.jpg,625,352,pothole,270,134,385,174
201.jpg,560,416,pothole,9,57,560,381
202.jpg,1200,800,damage,576,425,885,584
202.jpg,1200,800,crack,806,79,1200,170
202.jpg,1200,800,pothole,876,511,1026,568
203.jpg,650,433,pothole_water,47,261,624,420
203.jpg,650,433,pothole_water,222,209,411,266
204.jpg,969,1301,pothole_water,211,548,911,956
204.jpg,969,1301,pothole_water,281,412,479,488
204.jpg,969,1301,pothole,503,318,693,432
204.jpg,969,1301,damage,167,228,427,350
205.jpg,1536,2048,pothole_water,276,1151,1185,1639
205.jpg,1536,2048,pothole_water,1113,854,1454,1201
205.jpg,1536,2048,pothole_water,366,801,691,1011
206.jpg,625,352,pothole_water,77,193,543,352
206.jpg,625,352,damage,282,164,504,224
207.jpg,600,400,pothole_water,46,161,364,337
208.jpg,640,480,pothole_water,207,366,339,429
208.jpg,640,480,pothole_water,279,296,383,344
208.jpg,640,480,pothole_water,189,297,258,355
209.jpg,590,590,pothole_water,67,131,505,377
21.jpg,324,216,pothole_water,90,58,216,108
21.jpg,324,216,pothole_water,1,136,279,216
21.jpg,324,216,pothole_water,49,12,162,61
210.jpg,600,450,pothole_water,274,248,378,312
210.jpg,600,450,pothole_water_m,85,152,284,256
211.jpg,3200,1680,pothole_water,859,1146,1972,1639
212.jpg,720,405,pothole_water,434,173,624,291
212.jpg,720,405,pothole_water,1,161,282,379
213.jpg,1280,720,damage,175,398,1082,657
213.jpg,1280,720,damage,346,162,982,311
213.jpg,1280,720,damage,1,157,297,294
214.jpg,960,640,pothole,213,250,806,576
215.jpg,759,422,damage,1,281,211,421
215.jpg,759,422,pothole_water,403,292,759,422
216.jpg,268,178,damage,47,78,257,170
217.jpg,696,464,pothole_water,5,91,696,454
218.jpg,450,318,pothole,141,205,310,281
218.jpg,450,318,pothole,51,146,109,198
218.jpg,450,318,pothole_water,101,190,159,218
218.jpg,450,318,pothole_water,151,153,223,191
219.jpg,494,335,pothole_water,91,34,318,224
22.jpg,4032,3024,crack,8,1935,1558,3004
22.jpg,4032,3024,pothole,450,1496,2820,2296
220.jpg,450,600,pothole,173,240,308,360
221.jpg,1920,1080,pothole,784,169,1813,891
222.jpg,700,415,pothole,27,190,590,399
223.jpg,726,484,pothole_water,148,270,703,484
224.jpg,1280,720,pothole_water,353,416,614,513
224.jpg,1280,720,pothole_water,875,562,1092,642
224.jpg,1280,720,pothole_water,628,545,836,647
225.jpg,640,426,damage,5,298,273,374
225.jpg,640,426,damage,124,262,333,312
226.jpg,640,480,pothole_water,87,174,439,380
226.jpg,640,480,pothole_water,509,202,608,261
226.jpg,640,480,pothole_water,68,56,168,112
227.jpg,770,433,pothole_water,3,158,765,374
228.jpg,640,360,pothole_water,1,122,614,360
229.jpg,448,262,pothole_water,145,42,439,232
23.jpg,590,350,pothole_water_m,1,199,356,327
23.jpg,590,350,pothole_water_m,319,112,495,179
230.jpg,400,267,damage,180,159,286,189
230.jpg,400,267,damage,275,193,354,240
231.jpg,857,1289,damage,241,460,857,726
232.jpg,1200,800,pothole,387,461,828,634
232.jpg,1200,800,crack,581,602,1092,772
233.jpg,678,381,pothole_water,447,194,678,371
233.jpg,678,381,pothole,1,218,219,359
233.jpg,678,381,pothole_water_m,1,46,393,203
233.jpg,678,381,pothole,399,87,577,183
234.jpg,650,968,damage,73,358,292,496
234.jpg,650,968,damage,29,520,524,928
235.jpg,861,1281,damage,219,622,791,1101
235.jpg,861,1281,damage,470,503,672,701
235.jpg,861,1281,damage,248,415,532,548
235.jpg,861,1281,damage,40,564,358,654
235.jpg,861,1281,damage,511,391,683,513
236.jpg,856,1285,damage,703,193,856,324
236.jpg,856,1285,damage,1,622,144,736
236.jpg,856,1285,damage,393,224,623,350
237.jpg,518,345,damage,157,71,316,165
237.jpg,518,345,damage,334,199,504,336
237.jpg,518,345,damage,303,99,418,161
238.jpg,1600,1200,pothole,547,300,1177,788
238.jpg,1600,1200,pothole,262,218,634,442
238.jpg,1600,1200,crack,1098,712,1600,1109
239.jpg,720,410,damage,589,248,712,321
239.jpg,720,410,pothole,416,210,514,252
24.jpg,849,1291,pothole_water,27,239,343,399
24.jpg,849,1291,pothole_water,401,237,597,361
24.jpg,849,1291,pothole_water,629,559,849,721
24.jpg,849,1291,pothole_water,265,331,561,471
240.jpg,1500,1101,pothole,1011,356,1500,559
240.jpg,1500,1101,pothole,65,333,822,676
241.jpg,300,200,pothole_water,143,143,201,170
241.jpg,300,200,pothole_water,110,99,175,124
241.jpg,300,200,damage,168,117,280,142
242.jpg,450,600,damage,45,33,378,497
243.jpg,720,405,pothole_water,430,180,629,266
243.jpg,720,405,pothole_water,351,118,564,189
243.jpg,720,405,pothole_water,1,191,290,352
244.jpg,921,596,pothole,37,162,438,353
245.jpg,204,170,damage,68,39,162,79
245.jpg,204,170,damage,50,75,92,143
246.jpg,624,351,pothole_water,38,190,473,332
247.jpg,534,401,pothole,263,191,501,281
247.jpg,534,401,pothole,393,123,525,187
248.jpg,135,180,pothole,7,91,99,151
248.jpg,135,180,pothole,47,65,90,86
248.jpg,135,180,pothole,58,45,114,66
249.jpg,300,224,pothole,90,65,280,197
249.jpg,300,224,damage,10,22,116,98
249.jpg,300,224,crack,1,103,114,179
25.jpg,450,337,pothole,161,114,386,185
250.jpg,350,378,pothole,87,228,182,304
250.jpg,350,378,pothole,142,206,213,252
250.jpg,350,378,pothole,48,183,103,205
250.jpg,350,378,pothole,1,217,65,253
250.jpg,350,378,pothole,172,188,234,215
251.jpg,1297,861,damage,213,352,1230,782
251.jpg,1297,861,damage,18,182,547,350
251.jpg,1297,861,damage,681,57,1281,260
252.jpg,1297,855,damage,447,296,1176,503
253.jpg,450,300,pothole,42,172,212,249
253.jpg,450,300,pothole,251,235,424,291
253.jpg,450,300,pothole,223,209,267,234
254.jpg,752,564,pothole,250,248,483,388
255.jpg,1920,1080,pothole_water,580,373,1243,677
255.jpg,1920,1080,pothole,1258,588,1791,869
256.jpg,1215,682,pothole_water,885,466,1155,559
256.jpg,1215,682,pothole_water_m,185,505,594,661
257.jpg,400,266,pothole,243,15,385,62
257.jpg,400,266,damage,3,99,140,248
257.jpg,400,266,pothole,114,66,178,107
257.jpg,400,266,damage,258,93,400,226
258.jpg,960,540,pothole_water,569,291,915,466
258.jpg,960,540,pothole_water_m,26,376,260,522
258.jpg,960,540,pothole_water,344,364,486,449
258.jpg,960,540,pothole_water,404,433,520,522
259.jpg,760,503,pothole,1,347,241,440
259.jpg,760,503,pothole,466,181,574,238
26.jpg,1300,866,pothole,319,466,765,577
26.jpg,1300,866,pothole,243,559,1117,866
260.jpg,2525,1590,crack,1702,847,2417,1214
260.jpg,2525,1590,damage,764,866,1464,1247
260.jpg,2525,1590,damage,1,876,693,1266
260.jpg,2525,1590,damage,683,638,1550,961
261.jpg,400,300,pothole,115,164,348,267
262.jpg,842,561,pothole_water,250,418,401,498
262.jpg,842,561,damage,345,306,536,366
262.jpg,842,561,damage,142,306,280,377
262.jpg,842,561,damage,591,377,818,504
262.jpg,842,561,damage,228,253,391,309
263.jpg,625,352,pothole_water,86,189,544,352
264.jpg,1200,1600,pothole_water,420,321,879,514
264.jpg,1200,1600,pothole_water,23,836,1152,1600
265.jpg,400,267,pothole_water,150,139,321,215
265.jpg,400,267,crack,1,136,122,263
265.jpg,400,267,pothole_water,116,99,253,146
266.jpg,759,422,pothole_water,403,264,511,320
266.jpg,759,422,pothole_water_m,224,310,364,370
266.jpg,759,422,pothole_water_m,253,247,347,330
266.jpg,759,422,pothole_water_m,554,197,756,337
267.jpg,518,355,pothole,391,231,486,317
267.jpg,518,355,pothole,331,109,423,170
267.jpg,518,355,pothole,274,136,334,183
268.jpg,1000,667,pothole_water,229,350,791,642
269.jpg,628,362,pothole_water,65,174,382,337
27.jpg,2500,1667,pothole_water,119,742,1752,1566
27.jpg,2500,1667,pothole,1328,599,2193,897
270.jpg,615,409,damage,26,237,415,398
271.jpg,618,410,pothole,220,270,342,328
271.jpg,618,410,damage,52,127,361,215
271.jpg,618,410,pothole,390,308,507,405
271.jpg,618,410,pothole_water,289,315,370,382
272.jpg,1500,1125,pothole,182,451,1159,962
273.jpg,300,200,pothole,43,23,282,163
274.jpg,610,450,pothole_water,360,264,594,380
274.jpg,610,450,pothole_water,146,214,353,278
274.jpg,610,450,pothole_water,67,251,219,328
275.jpg,306,588,pothole,118,349,270,398
275.jpg,306,588,damage,17,262,138,319
275.jpg,306,588,damage,77,157,211,222
275.jpg,306,588,damage,48,399,286,502
276.jpg,640,480,pothole,225,220,451,333
276.jpg,640,480,pothole_water,155,159,238,208
276.jpg,640,480,damage,480,237,613,350
277.jpg,800,530,pothole,11,95,780,451
278.jpg,640,480,pothole,146,195,430,347
279.jpg,647,404,pothole_water,188,307,491,404
279.jpg,647,404,pothole_water,409,227,632,362
28.jpg,535,443,pothole_water,11,18,441,438
280.jpg,534,401,pothole_water,168,191,362,270
280.jpg,534,401,crack,311,234,532,390
280.jpg,534,401,crack,358,131,518,230
280.jpg,534,401,crack,170,115,340,202
281.jpg,1299,855,damage,695,281,1295,527
281.jpg,1299,855,damage,353,245,717,469
282.jpg,678,381,pothole_water_m,74,191,310,305
282.jpg,678,381,pothole_water,218,322,334,374
283.jpg,857,1285,damage,162,640,797,1272
283.jpg,857,1285,pothole,491,352,727,434
283.jpg,857,1285,pothole,570,434,772,532
283.jpg,857,1285,pothole,201,381,338,462
284.jpg,620,410,pothole_water_m,84,159,351,283
284.jpg,620,410,crack,434,102,514,188
285.jpg,200,150,pothole,63,66,127,101
285.jpg,200,150,crack,151,67,197,98
285.jpg,200,150,crack,12,74,61,103
286.jpg,1280,720,pothole_water,307,469,1233,633
286.jpg,1280,720,pothole_water,650,316,963,430
287.jpg,784,441,pothole_water,568,104,774,301
287.jpg,784,441,pothole_water,173,290,332,401
287.jpg,784,441,pothole_water,365,378,458,441
287.jpg,784,441,pothole_water_m,425,147,550,281
288.jpg,1024,683,pothole,485,329,778,583
289.jpg,636,437,pothole_water,362,271,548,395
289.jpg,636,437,pothole_water,453,223,631,314
289.jpg,636,437,pothole_water,331,149,449,238
289.jpg,636,437,pothole_water,243,139,312,194
29.jpg,200,200,pothole,21,91,173,126
29.jpg,200,200,pothole,6,121,197,193
29.jpg,200,200,pothole,60,49,110,66
290.jpg,400,160,pothole,1,52,72,107
291.jpg,2048,1365,damage,1403,525,2010,1248
291.jpg,2048,1365,damage,468,752,1460,1179
292.jpg,1080,675,damage,390,207,994,286
292.jpg,1080,675,pothole,1,350,549,675
292.jpg,1080,675,pothole,431,284,567,344
293.jpg,895,800,pothole,163,384,575,584
294.jpg,1280,720,pothole_water,1,474,1063,720
294.jpg,1280,720,pothole_water,567,289,907,381
295.jpg,960,541,pothole,162,105,680,352
295.jpg,960,541,pothole,604,314,960,541
296.jpg,1140,1508,pothole_water,347,844,900,1397
296.jpg,1140,1508,damage,277,435,789,690
296.jpg,1140,1508,crack,826,1014,1140,1374
297.jpg,400,300,pothole,11,129,396,267
298.jpg,800,450,pothole,99,170,718,335
298.jpg,800,450,pothole,80,281,386,423
299.jpg,1024,576,pothole,228,147,855,495
299.jpg,1024,576,crack,724,209,966,432
3.jpg,630,471,pothole,15,130,523,405
30.jpg,637,425,pothole,280,286,423,350
30.jpg,637,425,pothole_water,107,336,429,425
30.jpg,637,425,pothole,221,259,318,292
300.jpg,800,532,pothole_water,306,90,668,313
300.jpg,800,532,crack,47,244,492,503
301.jpg,1024,680,pothole_water,326,469,676,680
301.jpg,1024,680,pothole_water,834,392,1005,490
301.jpg,1024,680,pothole_water,660,328,814,438
301.jpg,1024,680,pothole_water,435,370,609,492
302.jpg,1293,859,pothole,921,327,1114,412
302.jpg,1293,859,damage,18,290,689,676
303.jpg,1024,768,pothole_water,480,388,857,591
303.jpg,1024,768,pothole_water,145,528,518,761
304.jpg,650,488,pothole,14,229,608,449
305.jpg,1200,600,pothole,324,84,878,582
306.jpg,1280,792,pothole_water,146,286,1153,715
307.jpg,3264,1836,damage,579,667,2048,1267
307.jpg,3264,1836,damage,1898,1217,2904,1761
307.jpg,3264,1836,damage,1266,211,2316,480
307.jpg,3264,1836,damage,2279,374,3264,736
308.jpg,1368,768,damage,296,402,927,623
308.jpg,1368,768,damage,991,389,1338,605
309.jpg,1000,569,pothole_water,252,280,961,542
31.jpg,991,1200,pothole_water,50,185,981,954
310.jpg,800,534,pothole_water,274,345,588,516
310.jpg,800,534,pothole_water,355,218,530,320
310.jpg,800,534,pothole_water,435,191,577,245
311.jpg,940,528,pothole_water,106,78,790,471
312.jpg,534,401,damage,129,193,518,263
312.jpg,534,401,damage,143,325,454,394
312.jpg,534,401,damage,1,311,129,365
312.jpg,534,401,damage,220,162,404,213
313.jpg,670,434,pothole,205,322,440,428
314.jpg,2592,1936,pothole_water,1018,1503,1618,1936
314.jpg,2592,1936,pothole_water,1728,1278,2228,1578
314.jpg,2592,1936,pothole_water,708,893,1078,1128
314.jpg,2592,1936,pothole_water,1813,913,2488,1203
315.jpg,400,266,pothole,115,197,355,258
316.jpg,600,400,pothole,316,220,531,315
317.jpg,576,768,pothole_water,188,557,325,674
317.jpg,576,768,pothole,354,415,429,467
317.jpg,576,768,pothole,153,452,227,500
317.jpg,576,768,damage,286,500,425,565
317.jpg,576,768,pothole_water,168,335,232,368
318.jpg,647,404,pothole_water_m,48,263,393,376
319.jpg,1200,800,pothole,103,18,1108,713
32.jpg,700,466,pothole_water_m,301,20,566,337
32.jpg,700,466,pothole_water,14,241,241,463
320.jpg,620,387,crack,29,25,320,368
320.jpg,620,387,pothole_water,306,33,540,346
321.jpg,968,681,pothole,342,333,682,440
321.jpg,968,681,pothole_water,84,455,959,662
322.jpg,400,225,pothole,18,88,127,123
322.jpg,400,225,pothole,179,116,392,190
323.jpg,1100,733,pothole_water,46,162,402,335
323.jpg,1100,733,pothole,142,300,1052,608
324.jpg,1299,861,damage,699,306,1014,469
325.jpg,1000,539,pothole_water,278,27,648,246
325.jpg,1000,539,pothole_water,823,52,993,173
325.jpg,1000,539,pothole_water,87,254,931,535
326.jpg,770,433,pothole_water,248,258,378,326
326.jpg,770,433,pothole_water,338,223,425,274
326.jpg,770,433,pothole_water,465,323,619,422
326.jpg,770,433,pothole_water,438,256,610,320
326.jpg,770,433,pothole_water,456,220,504,245
326.jpg,770,433,pothole_water,254,172,314,210
327.jpg,500,334,crack,344,198,454,248
327.jpg,500,334,crack,396,263,489,317
328.jpg,1140,500,pothole_water,38,43,1038,477
329.jpg,640,360,pothole,9,25,639,288
33.jpg,450,299,pothole,58,128,345,281
33.jpg,450,299,pothole,200,110,381,141
330.jpg,2800,1812,pothole_water,1208,1142,2260,1553
330.jpg,2800,1812,crack,2281,1258,2776,1648
331.jpg,1280,720,pothole_water,780,372,1143,603
331.jpg,1280,720,pothole_water,533,428,819,713
331.jpg,1280,720,pothole_water_m,460,220,787,394
332.jpg,2400,1600,pothole,848,731,1879,1513
332.jpg,2400,1600,pothole,911,386,1239,559
333.jpg,800,600,pothole,500,156,759,309
333.jpg,800,600,damage,435,46,568,136
334.jpg,1368,768,pothole_water,356,410,1346,752
335.jpg,420,315,pothole,155,140,246,228
335.jpg,420,315,crack,110,241,215,308
335.jpg,420,315,crack,313,213,407,312
336.jpg,845,563,pothole,232,175,794,508
337.jpg,1024,683,pothole_water,232,206,776,383
338.jpg,480,360,pothole_water,104,65,385,285
339.jpg,225,150,pothole_water,77,61,139,100
339.jpg,225,150,crack,10,69,75,106
34.jpg,800,600,pothole_water,494,87,774,256
340.jpg,1024,682,pothole,859,427,1024,485
340.jpg,1024,682,crack,634,546,1024,648
340.jpg,1024,682,damage,389,443,853,583
340.jpg,1024,682,damage,474,325,735,414
341.jpg,640,360,damage,56,147,525,263
342.jpg,770,433,pothole_water_m,126,167,748,394
343.jpg,400,300,pothole,66,17,356,262
344.jpg,1780,1002,damage,526,300,1464,980
345.jpg,770,470,pothole_water,152,51,765,377
345.jpg,770,470,pothole,16,151,201,242
346.jpg,1024,680,pothole_water,364,488,693,657
346.jpg,1024,680,pothole_water,851,382,1019,467
346.jpg,1024,680,pothole_water,422,372,651,484
346.jpg,1024,680,pothole_water,684,349,826,444
347.jpg,840,373,pothole_water,222,318,532,367
347.jpg,840,373,damage,432,275,840,353
347.jpg,840,373,pothole,376,210,538,267
347.jpg,840,373,pothole_water,16,272,205,345
348.jpg,640,426,pothole,125,196,498,362
348.jpg,640,426,crack,233,355,440,418
348.jpg,640,426,pothole,427,168,527,215
349.jpg,784,441,pothole_water,259,290,426,428
349.jpg,784,441,pothole_water,467,233,717,359
349.jpg,784,441,pothole_water,225,177,404,239
35.jpg,420,316,pothole_water,41,61,395,194
350.jpg,400,253,pothole_water,141,73,292,190
350.jpg,400,253,pothole,174,26,242,61
351.jpg,534,401,pothole_water,128,126,368,231
352.jpg,740,385,pothole_water,145,196,506,318
352.jpg,740,385,pothole_water,474,239,729,385
352.jpg,740,385,damage,54,343,404,385
353.jpg,370,204,damage,95,34,370,154
354.jpg,620,349,pothole,88,112,543,333
355.jpg,320,240,pothole_water,3,40,313,208
356.jpg,620,349,pothole_water,8,69,613,347
357.jpg,1280,720,pothole_water,963,564,1280,720
357.jpg,1280,720,pothole_water,289,464,533,716
357.jpg,1280,720,pothole_water,685,486,892,613
357.jpg,1280,720,pothole_water,838,355,1014,445
357.jpg,1280,720,pothole_water_m,638,323,772,428
358.jpg,405,363,pothole_water,157,202,253,261
358.jpg,405,363,pothole_water,52,271,200,346
358.jpg,405,363,pothole_water,32,137,161,190
358.jpg,405,363,pothole_water,319,87,390,121
359.jpg,2000,1329,damage,614,591,1144,741
359.jpg,2000,1329,damage,694,714,1909,1211
359.jpg,2000,1329,pothole,1521,387,1909,553
359.jpg,2000,1329,crack,244,945,659,1180
359.jpg,2000,1329,crack,663,741,1033,937
359.jpg,2000,1329,crack,1106,626,1417,811
36.jpg,634,510,pothole,69,239,411,338
36.jpg,634,510,pothole,266,320,473,395
36.jpg,634,510,pothole,92,171,328,229
360.jpg,1280,720,damage,153,355,528,511
360.jpg,1280,720,pothole_water,667,237,1080,367
360.jpg,1280,720,pothole_water_m,967,294,1280,506
361.jpg,660,466,pothole_water_m,15,106,361,206
361.jpg,660,466,pothole_water,368,195,564,276
361.jpg,660,466,pothole_water_m,386,285,569,451
361.jpg,660,466,damage,173,272,370,350
362.jpg,960,547,pothole_water,337,286,495,380
362.jpg,960,547,pothole_water,108,351,220,428
362.jpg,960,547,pothole_water_m,137,277,280,353
362.jpg,960,547,pothole_water,1,291,88,410
363.jpg,800,477,pothole_water,68,290,432,432
364.jpg,800,598,damage,114,202,585,450
365.jpg,1000,750,pothole,431,467,987,656
365.jpg,1000,750,pothole,440,388,587,488
365.jpg,1000,750,crack,40,499,427,643
366.jpg,1024,687,damage,114,354,485,616
367.jpg,1000,638,pothole_water_m,89,243,823,626
367.jpg,1000,638,pothole_water_m,391,117,876,311
368.jpg,1632,1224,pothole_water,71,455,1249,1080
369.jpg,1280,720,damage,263,333,614,477
369.jpg,1280,720,damage,924,281,1280,430
369.jpg,1280,720,damage,560,440,916,655
37.jpg,960,640,pothole_water_m,582,243,940,399
37.jpg,960,640,pothole_water,435,432,860,606
370.jpg,647,363,pothole_water,107,152,174,230
370.jpg,647,363,pothole_water,391,118,470,193
370.jpg,647,363,pothole_water_m,531,163,647,274
371.jpg,615,410,pothole_water,32,234,406,402
371.jpg,615,410,pothole_water,20,142,219,219
371.jpg,615,410,pothole_water,362,187,613,288
372.jpg,449,290,pothole,89,208,166,258
373.jpg,450,296,damage,156,88,450,181
374.jpg,727,485,pothole_water,111,154,715,484
375.jpg,660,440,pothole_water,344,312,478,403
375.jpg,660,440,pothole_water,515,269,590,316
375.jpg,660,440,pothole_water,239,371,325,420
376.jpg,670,440,pothole_water,119,114,219,171
376.jpg,670,440,pothole_water,310,57,387,111
376.jpg,670,440,pothole_water_m,493,213,670,366
377.jpg,800,600,pothole,414,299,691,537
378.jpg,620,413,pothole_water,36,54,534,301
378.jpg,620,413,crack,55,26,299,144
378.jpg,620,413,crack,530,125,609,279
379.jpg,1024,576,pothole_water_m,424,151,653,363
379.jpg,1024,576,pothole_water,210,257,360,386
379.jpg,1024,576,pothole_water,372,417,664,576
38.jpg,700,830,pothole_water,190,665,465,810
38.jpg,700,830,pothole_water,352,427,540,508
38.jpg,700,830,pothole,122,481,272,554
38.jpg,700,830,pothole_water_m,286,344,563,418
38.jpg,700,830,pothole_water_m,135,282,222,336
38.jpg,700,830,pothole_water_m,305,271,459,342
380.jpg,534,401,pothole_water,1,151,528,396
381.jpg,500,300,pothole_water,115,108,318,206
382.jpg,640,480,pothole_water,113,136,486,285
382.jpg,640,480,pothole_water,434,25,640,151
382.jpg,640,480,pothole_water,78,324,292,480
383.jpg,1280,720,pothole_water,899,420,1277,567
383.jpg,1280,720,pothole,87,533,528,713
383.jpg,1280,720,pothole,70,428,372,545
384.jpg,620,370,pothole,310,50,620,252
384.jpg,620,370,pothole,1,88,302,344
384.jpg,620,370,damage,480,272,620,370
385.jpg,1200,939,pothole_water,272,591,865,869
386.jpg,1300,866,pothole,912,330,1300,474
386.jpg,1300,866,damage,58,308,682,571
386.jpg,1300,866,pothole,707,303,941,420
387.jpg,800,533,pothole,293,245,662,528
388.jpg,525,350,damage,192,168,515,348
389.jpg,303,446,pothole,89,272,202,387
389.jpg,303,446,crack,7,316,110,420
389.jpg,303,446,crack,107,380,231,444
39.jpg,1300,866,pothole,512,254,646,332
39.jpg,1300,866,pothole_water,295,369,421,464
390.jpg,1280,720,pothole_water_m,124,296,565,557
391.jpg,300,196,pothole,93,52,251,144
391.jpg,300,196,pothole,235,4,299,46
391.jpg,300,196,crack,4,15,96,140
392.jpg,800,600,pothole_water,155,265,641,600
393.jpg,980,653,pothole,77,304,570,632
394.jpg,800,363,crack,280,86,524,330
395.jpg,1580,1036,pothole,76,306,952,882
396.jpg,600,450,pothole_water,287,301,441,444
397.jpg,700,525,pothole,253,230,469,340
397.jpg,700,525,pothole,137,130,302,186
398.jpg,1200,800,pothole_water,112,543,353,677
398.jpg,1200,800,pothole_water,565,504,787,591
398.jpg,1200,800,pothole_water,710,659,994,800
398.jpg,1200,800,pothole_water,999,563,1167,638
399.jpg,647,363,pothole_water,253,135,368,186
399.jpg,647,363,pothole_water,448,167,543,215
399.jpg,647,363,pothole_water,491,200,609,259
399.jpg,647,363,pothole_water_m,7,189,319,359
399.jpg,647,363,crack,474,251,629,347
4.jpg,1019,827,pothole,232,451,989,786
40.jpg,784,441,pothole_water,505,232,784,441
40.jpg,784,441,pothole_water,202,262,493,432
40.jpg,784,441,pothole_water,2,233,168,347
40.jpg,784,441,pothole_water,419,95,611,163
400.jpg,615,409,pothole_water,69,112,506,388
401.jpg,625,352,damage,122,126,375,343
402.jpg,590,350,pothole,86,45,554,327
403.jpg,727,485,damage,281,139,615,284
403.jpg,727,485,pothole,2,277,624,475
404.jpg,660,360,pothole_water_m,423,203,644,329
404.jpg,660,360,pothole_water_m,471,82,600,168
404.jpg,660,360,pothole_water,103,263,238,322
405.jpg,647,363,pothole_water,264,281,398,340
405.jpg,647,363,pothole_water,159,224,253,275
406.jpg,1080,675,pothole,14,335,557,664
406.jpg,1080,675,pothole,378,184,996,313
407.jpg,859,705,pothole_water,388,479,737,668
407.jpg,859,705,pothole_water,440,303,674,405
407.jpg,859,705,pothole_water,563,242,769,313
408.jpg,400,225,pothole_water,3,27,400,186
409.jpg,1299,857,pothole,60,372,714,670
41.jpg,600,275,pothole_water,276,126,496,275
41.jpg,600,275,pothole_water,71,40,302,186
410.jpg,730,440,pothole,373,266,697,364
410.jpg,730,440,pothole,113,225,357,290
410.jpg,730,440,pothole,57,185,228,242
410.jpg,730,440,pothole,266,165,397,216
411.jpg,800,600,pothole,30,219,723,472
412.jpg,670,441,pothole_water,423,352,529,434
412.jpg,670,441,pothole_water,225,310,321,384
412.jpg,670,441,pothole_water,123,196,223,260
413.jpg,400,225,pothole_water,237,56,373,130
414.jpg,660,430,pothole_water,445,328,574,396
414.jpg,660,430,pothole_water,20,312,188,396
414.jpg,660,430,pothole_water,99,238,378,331
415.jpg,800,400,pothole_water,1,104,527,365
415.jpg,800,400,crack,559,110,785,337
415.jpg,800,400,crack,30,31,549,153
416.jpg,720,480,pothole_water,1,338,248,461
416.jpg,720,480,pothole_water,198,253,459,309
416.jpg,720,480,pothole_water,295,192,495,238
417.jpg,1774,2365,pothole,203,1226,1203,1948
417.jpg,1774,2365,pothole,666,874,1181,1189
417.jpg,1774,2365,pothole,755,619,1489,874
418.jpg,1280,720,pothole_water_m,453,284,992,564
419.jpg,962,480,pothole,527,337,839,465
42.jpg,1299,861,pothole_water,1008,511,1144,621
42.jpg,1299,861,pothole_water,546,621,758,774
42.jpg,1299,861,pothole_water,246,640,427,795
42.jpg,1299,861,damage,231,484,339,564
420.jpg,634,422,pothole,1,233,302,420
420.jpg,634,422,damage,208,144,359,207
420.jpg,634,422,damage,379,136,510,193
420.jpg,634,422,pothole,296,239,603,399
421.jpg,450,295,pothole,41,71,302,154
422.jpg,1295,843,pothole,429,456,785,617
422.jpg,1295,843,pothole,685,251,966,375
422.jpg,1295,843,pothole,478,195,683,282
422.jpg,1295,843,pothole,85,292,363,412
422.jpg,1295,843,pothole,300,241,517,331
422.jpg,1295,843,pothole,115,592,456,746
422.jpg,1295,843,pothole,822,353,990,439
423.jpg,756,378,damage,349,120,489,202
423.jpg,756,378,pothole_water_m,245,189,615,363
424.jpg,735,490,pothole,198,219,512,481
424.jpg,735,490,crack,5,262,241,484
425.jpg,1368,856,damage,375,412,1067,746
426.jpg,633,380,pothole_water_m,175,183,430,287
426.jpg,633,380,pothole_water,13,228,227,322
427.jpg,1066,1537,damage,244,806,729,1373
427.jpg,1066,1537,damage,584,773,1046,1164
427.jpg,1066,1537,damage,377,495,584,614
427.jpg,1066,1537,crack,1,775,153,1002
427.jpg,1066,1537,crack,151,478,284,742
428.jpg,3264,1836,damage,879,905,1879,1274
428.jpg,3264,1836,damage,2116,749,3066,1186
428.jpg,3264,1836,damage,348,617,1629,880
429.jpg,1299,857,pothole_water,56,272,1299,721
429.jpg,1299,857,pothole_water,299,67,760,189
43.jpg,300,168,pothole_water,94,73,278,164
43.jpg,300,168,pothole_water,54,12,147,63
430.jpg,400,267,pothole_water,292,93,354,136
430.jpg,400,267,pothole_water,68,141,217,267
431.jpg,2000,1404,pothole_water,286,755,786,971
431.jpg,2000,1404,pothole_water,786,871,1279,1128
431.jpg,2000,1404,pothole_water,559,1082,872,1379
431.jpg,2000,1404,pothole_water_m,418,521,987,744
432.jpg,1280,860,pothole_water,431,588,1004,860
432.jpg,1280,860,pothole_water,1,373,343,695
432.jpg,1280,860,pothole_water,563,398,794,529
433.jpg,696,385,pothole_water_m,39,204,543,377
433.jpg,696,385,pothole_water,372,118,696,247
434.jpg,800,597,pothole,286,192,717,526
434.jpg,800,597,pothole,41,58,327,259
434.jpg,800,597,crack,1,295,223,529
435.jpg,600,445,pothole_water,87,177,312,301
435.jpg,600,445,pothole_water,370,206,584,312
436.jpg,759,422,pothole,417,295,533,402
436.jpg,759,422,pothole,328,280,414,338
436.jpg,759,422,pothole,290,145,410,277
437.jpg,1410,520,pothole_water,471,411,914,520
437.jpg,1410,520,pothole,739,370,1055,473
437.jpg,1410,520,pothole,696,297,896,359
438.jpg,370,204,pothole,10,6,358,204
439.jpg,1024,683,pothole_water,430,435,751,631
439.jpg,1024,683,pothole_water,649,322,826,426
44.jpg,1299,971,pothole,436,390,624,462
44.jpg,1299,971,pothole,4,217,304,427
44.jpg,1299,971,pothole,724,257,905,345
440.jpg,1200,630,pothole_water,828,244,1200,433
440.jpg,1200,630,pothole_water,1,260,737,549
440.jpg,1200,630,pothole_water,851,458,1200,630
441.jpg,1410,520,pothole,262,397,463,472
441.jpg,1410,520,damage,744,397,1387,513
442.jpg,759,422,pothole,4,161,759,422
443.jpg,720,480,damage,413,336,657,457
443.jpg,720,480,damage,462,227,574,330
444.jpg,300,224,pothole_water,106,114,169,147
444.jpg,300,224,pothole_water_m,210,90,265,124
444.jpg,300,224,pothole_water_m,164,55,240,86
445.jpg,1080,675,pothole,153,184,980,572
446.jpg,720,280,pothole_water,175,65,534,245
447.jpg,590,350,pothole,347,152,428,190
447.jpg,590,350,pothole,74,148,195,191
447.jpg,590,350,pothole,258,208,441,273
448.jpg,780,439,pothole_water,552,116,733,206
448.jpg,780,439,pothole_water,130,285,389,422
448.jpg,780,439,pothole_water,356,100,483,179
449.jpg,750,422,pothole_water,284,339,468,422
449.jpg,750,422,damage,236,220,411,302
449.jpg,750,422,pothole,143,262,208,324
45.jpg,578,325,pothole,46,117,338,311
450.jpg,1024,682,pothole,564,560,739,670
450.jpg,1024,682,damage,1,552,210,682
450.jpg,1024,682,damage,539,389,737,483
450.jpg,1024,682,damage,585,325,770,412
451.jpg,1300,866,damage,158,508,882,840
451.jpg,1300,866,crack,851,640,1212,866
451.jpg,1300,866,crack,738,525,1043,637
452.jpg,800,600,pothole_water,127,178,703,371
453.jpg,1489,973,damage,123,200,1006,577
454.jpg,1632,1224,pothole,399,755,1383,1058
454.jpg,1632,1224,pothole,883,614,1321,726
455.jpg,652,367,pothole,154,224,581,296
456.jpg,2400,1600,pothole,775,949,1539,1409
457.jpg,1050,698,pothole_water,226,453,814,567
458.jpg,330,244,pothole,1,59,316,225
459.jpg,1599,1057,pothole,252,146,1585,1001
46.jpg,660,300,pothole_water,155,156,293,222
46.jpg,660,300,pothole_water,348,144,476,211
460.jpg,684,340,pothole,36,95,538,334
461.jpg,1368,768,pothole_water,341,407,1098,663
462.jpg,875,492,pothole,399,232,613,315
462.jpg,875,492,pothole,419,317,664,397
463.jpg,1287,849,damage,957,368,1279,527
463.jpg,1287,849,damage,523,346,893,529
463.jpg,1287,849,damage,445,76,889,268
464.jpg,640,480,pothole,130,103,504,282
465.jpg,1289,853,damage,31,65,931,778
466.jpg,280,220,pothole,133,142,235,195
467.jpg,400,249,pothole,73,18,308,186
468.jpg,750,422,damage,364,241,636,422
468.jpg,750,422,crack,106,201,342,308
469.jpg,1400,932,pothole,449,242,1225,463
47.jpg,759,422,pothole_water_m,1,241,448,422
47.jpg,759,422,pothole_water_m,326,113,621,222
470.jpg,337,448,pothole,21,182,293,413
470.jpg,337,448,pothole,106,90,230,159
470.jpg,337,448,pothole,109,23,285,86
471.jpg,600,338,pothole,15,105,560,301
472.jpg,243,330,pothole,70,228,205,308
472.jpg,243,330,pothole_water,84,150,183,183
472.jpg,243,330,pothole_water,138,117,217,150
473.jpg,660,371,pothole_water,108,154,618,371
474.jpg,763,522,pothole_water,100,296,644,514
474.jpg,763,522,pothole_water,151,207,310,288
475.jpg,918,506,pothole_water,161,292,566,433
475.jpg,918,506,damage,352,211,580,304
475.jpg,918,506,pothole_water,1,190,200,323
476.jpg,1440,810,pothole,519,553,792,701
476.jpg,1440,810,pothole,819,74,1194,256
476.jpg,1440,810,crack,767,442,1240,704
477.jpg,600,290,damage,323,119,424,163
477.jpg,600,290,damage,35,135,239,269
478.jpg,700,400,damage,272,195,548,395
478.jpg,700,400,damage,69,156,211,250
478.jpg,700,400,damage,219,34,415,134
478.jpg,700,400,damage,494,28,657,109
479.jpg,1200,675,pothole,69,448,360,619
479.jpg,1200,675,pothole,606,364,865,553
479.jpg,1200,675,pothole,537,225,762,364
479.jpg,1200,675,pothole,124,203,428,305
479.jpg,1200,675,damage,869,137,1053,234
48.jpg,1024,683,pothole_water,359,218,697,356
48.jpg,1024,683,pothole_water,284,416,679,602
480.jpg,647,404,pothole_water,388,238,609,366
480.jpg,647,404,pothole_water,325,146,457,205
480.jpg,647,404,pothole_water,93,222,182,290
481.jpg,800,600,pothole,49,233,477,412
481.jpg,800,600,pothole,511,133,749,483
482.jpg,1280,960,pothole,360,248,911,599
483.jpg,1200,900,pothole,201,513,653,645
483.jpg,1200,900,pothole,665,252,1024,377
484.jpg,450,140,pothole,213,48,420,116
485.jpg,1600,1067,pothole,759,594,1453,1051
485.jpg,1600,1067,pothole,659,481,877,636
485.jpg,1600,1067,crack,107,581,619,948
486.jpg,784,441,pothole_water_m,437,281,644,405
486.jpg,784,441,pothole_water,238,274,443,353
487.jpg,400,225,pothole_water_m,19,64,395,172
488.jpg,1024,683,pothole_water,253,289,355,350
488.jpg,1024,683,pothole_water,601,260,703,325
489.jpg,448,299,pothole,103,83,222,131
489.jpg,448,299,damage,270,117,428,200
489.jpg,448,299,crack,1,31,145,81
489.jpg,448,299,damage,131,179,359,295
49.jpg,1140,500,pothole_water_m,136,93,949,421
49.jpg,1140,500,pothole_water,512,71,710,171
49.jpg,1140,500,pothole_water,638,6,895,93
490.jpg,800,381,pothole_water_m,192,178,571,297
491.jpg,1059,1585,pothole_water,848,407,1050,529
491.jpg,1059,1585,pothole_water,6,561,579,890
492.jpg,759,422,pothole_water,23,200,670,372
492.jpg,759,422,pothole_water,626,140,759,211
493.jpg,2592,1944,damage,798,962,1898,1457
493.jpg,2592,1944,damage,1208,1292,2298,1757
493.jpg,2592,1944,crack,1638,1632,2583,1932
494.jpg,619,395,damage,126,180,497,324
495.jpg,576,768,pothole_water,179,562,344,674
495.jpg,576,768,pothole_water,165,334,235,372
496.jpg,535,328,pothole,126,203,484,323
497.jpg,2287,1388,pothole,476,337,2258,1315
498.jpg,1000,619,damage,250,413,663,597
499.jpg,768,432,pothole_water,351,291,661,413
499.jpg,768,432,damage,286,172,610,272
5.jpg,450,300,pothole_water,143,200,246,243
5.jpg,450,300,pothole_water,186,160,282,199
50.jpg,615,410,pothole,1,179,537,410
500.jpg,690,920,pothole_water,120,262,612,747
51.jpg,1272,636,pothole_water,181,78,1039,530
52.jpg,507,330,pothole,156,111,407,248
52.jpg,507,330,pothole,43,59,177,119
53.jpg,1180,664,pothole,884,389,1179,647
53.jpg,1180,664,pothole_water,315,129,599,284
53.jpg,1180,664,pothole_water_m,631,91,904,347
54.jpg,1295,893,pothole_water,29,422,1025,839
55.jpg,2048,1536,pothole,622,502,1499,1071
55.jpg,2048,1536,pothole,187,17,1045,594
56.jpg,576,1024,pothole_water,4,219,576,767
57.jpg,900,600,pothole,242,173,609,385
57.jpg,900,600,crack,150,40,419,160
57.jpg,900,600,crack,637,119,787,300
57.jpg,900,600,crack,7,404,186,600
58.jpg,1140,641,pothole_water,256,277,850,535
58.jpg,1140,641,crack,364,198,758,312
59.jpg,933,700,pothole,474,349,865,516
59.jpg,933,700,pothole,367,276,471,330
59.jpg,933,700,pothole,127,226,230,286
59.jpg,933,700,pothole_water,308,563,708,700
59.jpg,933,700,crack,222,395,402,511
6.jpg,800,600,pothole_water,462,72,765,265
60.jpg,700,467,pothole_water_m,166,163,493,344
61.jpg,700,350,pothole,287,208,699,337
61.jpg,700,350,crack,12,212,314,318
61.jpg,700,350,pothole,321,158,397,216
61.jpg,700,350,crack,27,20,451,109
61.jpg,700,350,crack,416,137,614,200
62.jpg,640,480,pothole_water,225,236,515,388
62.jpg,640,480,pothole_water,137,130,303,218
63.jpg,800,448,pothole_water_m,564,266,791,443
63.jpg,800,448,pothole_water,6,263,515,431
64.jpg,300,200,pothole,80,96,266,184
65.jpg,2560,1441,pothole_water,792,365,1947,1325
65.jpg,2560,1441,pothole,57,60,1327,985
66.jpg,400,533,pothole,1,181,293,497
67.jpg,350,237,pothole,146,147,271,202
67.jpg,350,237,damage,267,146,315,163
68.jpg,1272,636,pothole_water,315,205,903,491
68.jpg,1272,636,pothole,1059,154,1272,308
69.jpg,780,439,pothole_water,130,209,421,356
69.jpg,780,439,pothole_water,522,279,758,425
69.jpg,780,439,pothole_water,427,167,599,251
69.jpg,780,439,pothole_water,245,106,418,200
7.jpg,240,180,pothole_water,13,105,126,159
7.jpg,240,180,pothole_water,84,81,216,120
70.jpg,968,648,pothole_water,456,309,586,413
70.jpg,968,648,crack,28,250,375,648
70.jpg,968,648,crack,661,454,899,648
70.jpg,968,648,damage,292,30,535,185
71.jpg,3264,1836,damage,591,699,2041,1530
71.jpg,3264,1836,damage,1187,317,2546,747
72.jpg,400,300,pothole,183,133,290,208
73.jpg,1920,1080,pothole_water,339,428,1465,821
74.jpg,466,274,pothole,147,72,460,177
74.jpg,466,274,pothole,20,235,132,274
74.jpg,466,274,pothole,138,181,293,233
75.jpg,770,433,pothole,1,26,717,391
76.jpg,1280,720,pothole_water,872,542,1085,674
76.jpg,1280,720,pothole_water,948,91,1163,199
76.jpg,1280,720,damage,348,414,607,504
76.jpg,1280,720,pothole_water,609,450,941,554
76.jpg,1280,720,pothole_water,204,491,492,575
77.jpg,640,360,pothole,50,67,607,234
78.jpg,1599,867,damage,476,218,1424,857
78.jpg,1599,867,pothole,1,415,188,557
78.jpg,1599,867,damage,164,200,433,384
78.jpg,1599,867,damage,503,24,797,188
79.jpg,670,451,pothole_water,31,187,215,256
79.jpg,670,451,pothole_water,128,239,313,312
79.jpg,670,451,pothole_water,547,228,628,293
79.jpg,670,451,pothole_water_m,333,162,438,217
8.jpg,400,267,pothole,137,178,282,242
8.jpg,400,267,pothole,100,137,238,184
8.jpg,400,267,pothole,116,106,216,146
8.jpg,400,267,pothole,215,51,301,87
80.jpg,759,422,pothole,3,175,759,422
81.jpg,760,427,pothole_water,81,247,310,323
81.jpg,760,427,pothole_water,266,280,408,342
81.jpg,760,427,pothole_water,53,320,211,386
82.jpg,1440,810,pothole,529,47,786,220
82.jpg,1440,810,pothole,847,50,1124,176
82.jpg,1440,810,crack,805,247,1265,436
82.jpg,1440,810,crack,419,447,702,591
82.jpg,1440,810,pothole,1156,553,1438,766
82.jpg,1440,810,damage,783,572,1216,810
83.jpg,1272,636,pothole,154,149,1134,491
84.jpg,400,206,pothole_water,151,117,223,160
84.jpg,400,206,pothole_water,317,6,400,44
84.jpg,400,206,pothole_water,177,31,230,54
84.jpg,400,206,pothole_water,114,98,165,130
85.jpg,1297,953,pothole,1,530,116,674
85.jpg,1297,953,pothole,1,313,89,420
85.jpg,1297,953,damage,647,169,937,308
85.jpg,1297,953,damage,172,162,583,433
86.jpg,600,400,pothole,35,323,268,400
87.jpg,460,276,pothole_water,85,115,308,221
88.jpg,980,653,pothole,150,111,685,608
88.jpg,980,653,crack,568,287,970,653
89.jpg,800,600,pothole_water,85,133,733,437
9.jpg,770,433,pothole_water,535,249,762,333
9.jpg,770,433,pothole_water,340,313,609,410
90.jpg,436,269,pothole,194,42,340,177
90.jpg,436,269,pothole,21,60,236,106
91.jpg,680,383,damage,29,109,664,334
92.jpg,700,468,pothole,265,44,524,219
92.jpg,700,468,crack,245,293,700,468
92.jpg,700,468,crack,18,34,297,284
93.jpg,300,195,pothole,1,65,263,163
94.jpg,200,200,pothole,1,50,123,150
95.jpg,639,426,pothole,73,202,195,271
95.jpg,639,426,pothole,349,310,475,397
95.jpg,639,426,pothole,405,234,495,297
96.jpg,725,483,pothole,271,185,682,457
97.jpg,630,472,pothole_water,221,355,444,457
97.jpg,630,472,pothole_water,85,270,220,323
97.jpg,630,472,pothole_water,481,323,594,381
98.jpg,635,424,pothole_water,108,76,546,316
99.jpg,640,360,pothole,96,125,420,324
99.jpg,640,360,pothole,500,144,640,333
